{"cameraMode":{"drawMode":0,"name":"Shaded","section":"Shading Mode"},"sceneLighting":true,"audioPlay":false,"sceneViewState":{"m_AlwaysRefresh":false,"showFog":true,"showSkybox":true,"showFlares":true,"showImageEffects":true,"showParticleSystems":true,"showVisualEffectGraphs":true,"m_FxEnabled":true},"in2DMode":false,"pivot":{"x":-1.8497772216796876,"y":-2.0219712257385256,"z":0.6432785987854004},"rotation":{"x":-0.09455286711454392,"y":0.8990273475646973,"z":-0.2404223531484604,"w":-0.35356900095939639},"size":6.365485191345215,"orthographic":false}